2-s2.0-85130547780,10.1155/2022/2770706,,,FCN Network-Based Weed and Crop Segmentation for IoT-Aided Agriculture Applications,ar,Article,Kamal S.,,MVJ College of Engineering,Bengaluru,India,,,,,2022-01-01,2022,Wireless Communications and Mobile Computing,15308669,17543.0,15308677,Journal,2022,,2770706,,,,2,1,publisherfullgold,Gold,,,,computer_vision_or_image_and_semantics
2-s2.0-85135707722,10.1155/2022/1907511,,,Security Protection Mechanism in Cloud Computing Authorization Model Using Machine Learning Techniques,ar,Article,Tiwari P.K.,,Manipal University Jaipur,Jaipur,India,,,,,2022-01-01,2022,Wireless Communications and Mobile Computing,15308669,17543.0,15308677,Journal,2022,,1907511,,,,0,1,publisherfullgold,Gold,,,,computer_vision_or_image_and_deep_learning_or_deep_neural_network
2-s2.0-20744446879,,,,A segmentation method to improve iris-based person identification,cp,Conference Paper,Bachoo A.,,University of KwaZulu-Natal,Durban,South Africa,,,,,2004-12-01,2004,IEEE AFRICON Conference,,88865.0,,Conference Proceeding,1,,,403-408,,,7,0,,,,,,computer_vision_or_image_and_pattern_recognition
2-s2.0-0033314582,10.1109/afrcon.1999.820778,,,Mobile robot navigation in unstructured environments using machine vision,ar,Article,Scott D.,,"University of the Witwatersrand, Johannesburg",Johannesburg,South Africa,,,,,1999-01-01,1999,IEEE AFRICON Conference,,88865.0,,Conference Proceeding,1,,,123-126,,,2,0,,,,,,computer_vision_or_image_and_convolutional_neural_network_or_neural_networks_or_network_architecture_or_recurrent_neural_network
2-s2.0-85112384747,10.1111/exsy.12789,,,Fully-automatic identification of gynaecological abnormality using a new adaptive frequency filter and histogram of oriented gradients (HOG),ar,Article,Hussein I.J.,,Universiti Teknikal Malaysia Melaka,Malacca,Malaysia,,,,,2022-03-01,March 2022,Expert Systems,02664720,24185.0,14680394,Journal,39,3,e12789,,,,13,0,,,,,,computer_vision_or_image_and_image_enhancement
2-s2.0-85109634022,10.1111/exsy.12765,,,Design of a secured telehealth system based on multiple biosignals diagnosis and classification for IoT application,ar,Article,Hamil H.,,Ecole Militaire Polytechnique;Université Mouloud Mammeri de Tizi Ouzou;Universite de Haute Alsace,Algiers;Tizi Ouzou;Mulhouse,Algeria;Algeria;France,,,,,2022-05-01,May 2022,Expert Systems,02664720,24185.0,14680394,Journal,39,4,e12765,,,,7,0,,,,,,computer_vision_or_image_and_transfer_learning
2-s2.0-84890552121,10.1002/cpe.2959,,,High-accuracy hierarchical parallel technique for hidden Markov model-based 3D magnetic resonance image brain segmentation,ar,Article,El-Moursy A.A.,,University of Sharjah,Sharjah,United Arab Emirates,,,,,2014-01-01,January 2014,Concurrency and Computation: Practice and Experience,15320626,27871.0,15320634,Journal,26,1,,194-216,,,5,0,,,,,,computer_vision_or_image_and_segmentation
2-s2.0-85134152254,10.1002/cpe.7031,,,Efficient deep learning models for brain tumor detection with segmentation and data augmentation techniques,ar,Article,Shoaib M.R.,,Faculty of Electronic Engineering,Shibin El Kom,Egypt,,,,,2022-09-25,25 September 2022,Concurrency and Computation: Practice and Experience,15320626,27871.0,15320634,Journal,34,21,e7031,,,,1,0,,,,,,computer_vision_or_image_and_image_classification
2-s2.0-85114555944,10.32604/cmc.2022.019496,,,Covid-19 detection from chest X-Ray images using advanced deep learning techniques,ar,Article,Mahajan S.,,Shri Mata Vaishno Devi University,Katra,India,,,,,2021-01-01,2021,"Computers, Materials and Continua",15462218,24364.0,15462226,Journal,70,1,,1541-1556,,,9,1,publisherfullgold,Gold,,,,computer_vision_or_image_and_object_detection
2-s2.0-85127341807,10.32604/cmc.2022.028008,,,Competitive swarm optimization with encryption based steganography for digital i.security,ar,Article,Eshmawi A.A.,,University of Jeddah,Jeddah,Saudi Arabia,,,,,2022-01-01,2022,"Computers, Materials and Continua",15462218,24364.0,15462226,Journal,72,2,,4173-4184,,,1,1,publisherfullgold,Gold,,,,computer_vision_or_image_and_image_enhancement
2-s2.0-85116224276,10.32604/cmc.2022.020059,,,Enhanced detection of glaucoma on ensemble convolutional neural network for clinical informatics,ar,Article,David D.S.,,IFET College of Engineering,Viluppuram,India,,,,,2022-01-01,2022,"Computers, Materials and Continua",15462218,24364.0,15462226,Journal,70,2,,2563-2579,,,15,1,publisherfullgold,Gold,,,,computer_vision_or_image_and_segmentation
2-s2.0-85097209807,10.32604/cmc.2020.012379,,,Memetic optimization with cryptographic encryption for secure medical data transmission in iot-based distributed systems,ar,Article,Doss S.,,Botho University,Gaborone,Botswana,,,,,2021-01-01,2021,"Computers, Materials and Continua",15462218.0,24364.0,15462226.0,Journal,66.0,2.0,,1577-1594,,,20,1,publisherfullgold,Gold,,,,computer_vision_or_image_and_blockchain
2-s2.0-84994387439,10.1007/978-3-319-48680-2_44,,,Towards a generic M-SVM parameters estimation using overlapping swarm intelligence for handwritten characters recognition,cp,Conference Paper,Amara M.,,Northern Border University,Arar,Saudi Arabia,,,,,2016-01-01,2016,Lecture Notes in Computer Science (including subseries Lecture Notes in Artificial Intelligence and Lecture Notes in Bioinformatics),03029743,25674.0,16113349,Book Series,10016 LNCS,,,498-509,,,1,0,,,,,,computer_vision_or_image_and_pattern_recognition
2-s2.0-34250761915,10.1007/3-540-45103-x_133,,,LWDOS: Language for writing descriptors of outline shapes,ar,Article,Larabi S.,,Université des Sciences et de la Technologie Houari Boumediene,Algiers,Algeria,,,,,2003-01-01,2003,Lecture Notes in Computer Science (including subseries Lecture Notes in Artificial Intelligence and Lecture Notes in Bioinformatics),03029743,25674.0,16113349,Book Series,2749,,,1014-1021,,,10,1,publisherfree2read,Bronze,,,,computer_vision_or_image_and_semantics
2-s2.0-85066135667,10.1007/978-3-030-18305-9_21,,,Collaborative Clustering Approach Based on Dempster-Shafer Theory for Bag-of-Visual-Words Codebook Generation,cp,Conference Paper,Hafdhellaoui S.,,Ecole Nationale des Sciences de l'Informatique,Manouba,Tunisia,,,,,2019-01-01,2019,Lecture Notes in Computer Science (including subseries Lecture Notes in Artificial Intelligence and Lecture Notes in Bioinformatics),03029743,25674.0,16113349,Book Series,11489 LNAI,,,263-273,,,1,0,,,,,,computer_vision_or_image_and_image_classification
2-s2.0-85119356151,10.1007/978-3-030-89128-2_14,,,U-Shaped Densely Connected Convolutions for Left Ventricle Segmentation from CMR Images,cp,Conference Paper,Boukhris K.,,"Faculty of Sciences of Monastir;Université de Monastir, Faculté de Médecine de Monastir",Monastir;Monastir,Tunisia;Tunisia,,,,,2021-01-01,2021,Lecture Notes in Computer Science (including subseries Lecture Notes in Artificial Intelligence and Lecture Notes in Bioinformatics),03029743,25674.0,16113349,Book Series,13052 LNCS,,,145-153,,,1,0,,,,,,computer_vision_or_image_and_segmentation
2-s2.0-85076636490,10.1007/978-3-030-33607-3_51,,,Deep convolutional neural networks based on image data augmentation for visual object recognition,cp,Conference Paper,Jayech K.,,Université de Sousse,Sousse,Tunisia,,,,,2019-01-01,2019,Lecture Notes in Computer Science (including subseries Lecture Notes in Artificial Intelligence and Lecture Notes in Bioinformatics),03029743,25674.0,16113349,Book Series,11871 LNCS,,,476-485,,,0,0,,,,,,computer_vision_or_image_and_object_recognition
2-s2.0-85144305806,10.1007/978-3-031-20837-9_15,,,Explainable AI Models for COVID-19 Diagnosis Using CT-Scan Images and Clinical Data,cp,Conference Paper,Boutorh A.,,Université d’Alger 1;Université des Sciences et de la Technologie Houari Boumediene,Algiers;Algiers,Algeria;Algeria,,,,,2022-01-01,2022,Lecture Notes in Computer Science (including subseries Lecture Notes in Artificial Intelligence and Lecture Notes in Bioinformatics),03029743,25674.0,16113349,Book Series,13483 LNBI,,,185-199,,,0,0,,,,,,computer_vision_or_image_and_image_classification
2-s2.0-84865701925,10.1007/978-3-642-31254-0_26,,,Sfax-Miracl hand database for contactless hand biometrics applications,cp,Conference Paper,Ben Jemaa S.,,FSEG Sfax - Faculté des Sciences Économiques et de Gestion de Sfax,Sfax,Tunisia,,,,,2012-09-07,2012,Lecture Notes in Computer Science (including subseries Lecture Notes in Artificial Intelligence and Lecture Notes in Bioinformatics),03029743,25674.0,16113349,Book Series,7340 LNCS,,,226-234,,,7,1,publisherfree2read,Bronze,,,,computer_vision_or_image_and_convolutional_neural_network_or_neural_networks_or_network_architecture_or_recurrent_neural_network
2-s2.0-85072870422,10.1007/978-3-030-28377-3_34,,,An enhanced deep learning framework for skin lesions segmentation,cp,Conference Paper,Adegun A.,,University of KwaZulu-Natal,Durban,South Africa,,,,,2019-01-01,2019,Lecture Notes in Computer Science (including subseries Lecture Notes in Artificial Intelligence and Lecture Notes in Bioinformatics),03029743,25674.0,16113349,Book Series,11683 LNAI,,,414-425,,,8,0,,,,,,computer_vision_or_image_and_deep_learning_or_deep_neural_network
2-s2.0-85097556029,10.1007/978-3-030-63007-2_41,,,Macroscopic Skin Lesion Segmentation Using GrabCut,cp,Conference Paper,Pillay V.,,University of KwaZulu-Natal,Durban,South Africa,,,,,2020-01-01,2020,Lecture Notes in Computer Science (including subseries Lecture Notes in Artificial Intelligence and Lecture Notes in Bioinformatics),03029743,25674.0,16113349,Book Series,12496 LNAI,,,528-539,,,1,0,,,,,,computer_vision_or_image_and_segmentation
2-s2.0-84943641627,10.1007/978-3-319-21963-9_44,,,Modelling and Tracking of deformable structures in medical images,cp,Conference Paper,Ettaïeb S.,,Université de Tunis El Manar,Tunis,Tunisia,,,,,2015-01-01,2015,Lecture Notes in Computer Science (including subseries Lecture Notes in Artificial Intelligence and Lecture Notes in Bioinformatics),03029743,25674.0,16113349,Book Series,9218,,,475-490,,,0,0,,,,,,computer_vision_or_image_and_segmentation
2-s2.0-85102096769,10.1371/journal.pone.0245579,,33630876.0,Gaussian smoothing and modified histogram normalization methods to improve neural-biomarker interpretations for dyslexia classification mechanism,ar,Article,Usman O.L.,,Tai solarin university of Education;Universiti Kebangsaan Malaysia,Ijebu-Ode;Bangi,Nigeria;Malaysia,,,,,2021-02-01,February 2021,PLoS ONE,,10600153309.0,19326203,Journal,16,2,e0245579,,,,8,1,publisherfullgold,Gold,,,,computer_vision_or_image_and_deep_learning_or_deep_neural_network
2-s2.0-85066046948,10.1371/journal.pone.0217293,,31112591.0,Classification of skin lesions using transfer learning and augmentation with Alex-net,ar,Article,Hosny K.M.,,Faculty of Computers and Information,Zagazig,Egypt,,,,,2019-05-01,May 2019,PLoS ONE,,10600153309.0,19326203,Journal,14,5,e0217293,,,,139,1,repositoryam,Green,,,,computer_vision_or_image_and_deep_learning_or_deep_neural_network
2-s2.0-85136941702,10.1371/journal.pone.0273022,,36006906.0,A practical evaluation of correlation filterbased object trackers with new features,ar,Article,Mohamed I.,,Faculty of Computers and Information;Technical Research Center,Zagazig;Cairo,Egypt;Egypt,,,,,2022-08-01,August 2022,PLoS ONE,,10600153309.0,19326203,Journal,17,8 August,e0273022,,,,0,1,repositoryvor,Green,,,,computer_vision_or_image_and_pattern_recognition
2-s2.0-85104883867,10.1007/978-3-030-71804-6_4,,,Improved Bilinear Model for Facial Expression Recognition,cp,Conference Paper,Mahmoudi M.A.,,Université Paris-Saclay;Mustapha Stambouli University of Mascara,Gif-sur-Yvette;Mascara,France;Algeria,,,,,2021-01-01,2021,Communications in Computer and Information Science,18650929,17700155007.0,18650937,Book Series,1322 CCIS,,,47-59,,,5,0,,,,,,computer_vision_or_image_and_convolutional_neural_network_or_neural_networks_or_network_architecture_or_recurrent_neural_network
2-s2.0-85086259691,10.1007/978-3-030-50146-4_45,,,Dempster-Shafer Parzen-Rosenblatt Hidden Markov Fields for Multichannel Image Segmentation,cp,Conference Paper,Boudaren M.E.Y.,,Ecole Militaire Polytechnique,Algiers,Algeria,,,,,2020-01-01,2020,Communications in Computer and Information Science,18650929,17700155007.0,18650937,Book Series,1237 CCIS,,,613-624,,,0,1,publisherfree2read,Bronze,,,,computer_vision_or_image_and_pattern_recognition
2-s2.0-84964754577,10.1007/978-3-319-34099-9_38,,,Content modelling in radiological social network collaboration,ar,Article,Bouslimi R.,,Université de Tunis;Higher Institute of Technological Studies,Tunis;Sfa,Tunisia;Tunisia,,,,,2016-01-01,2016,Communications in Computer and Information Science,18650929,17700155007.0,,Book Series,613,,,499-506,,,1,0,,,,,,computer_vision_or_image_and_convolutional_neural_network_or_neural_networks_or_network_architecture_or_recurrent_neural_network
2-s2.0-84880378755,10.1007/978-3-642-35326-0_15,,,Support Vector Machine Approach for Detecting Events in Video Streams,cp,Conference Paper,Walha A.,,Ecole Nationale d'Ingénieurs de Sfax,Sfax,Tunisia,,,,,2012-01-01,2012,Communications in Computer and Information Science,18650929,17700155007.0,,Book Series,322,,,143-151,,,6,0,,,,,,computer_vision_or_image_and_object_recognition
2-s2.0-85007014095,10.1049/iet-bmt.2015.0064,,,Effective statistical-based and dynamic fingerprint preprocessing technique,ar,Article,Iloanusi O.,,University of Nigeria,Nsukka,Nigeria,,,,,2017-01-01,1 January 2017,IET Biometrics,20474938,21100216567.0,20474946,Journal,6,1,,9-18,,,6,0,,,,,,computer_vision_or_image_and_segmentation
2-s2.0-85052936580,10.1049/iet-bmt.2017.0087,,,Learning pairwise SVM on hierarchical deep features for ear recognition,ar,Article,Omara I.,,Faculty of Science;Harbin Institute of Technology,Shibin El Kom;Harbin,Egypt;China,,,,,2018-11-01,1 November 2018,IET Biometrics,20474938,21100216567.0,20474946,Journal,7,6,,557-566,,,24,0,,,,,,computer_vision_or_image_and_semantics
2-s2.0-84979533455,10.5220/0005918102050210,,,Color image segmentation upon a new unsupervised approach using amended competitive Hebbian Learning,cp,Conference Paper,Timouyas M.,,Ecole Normale Superieure de Enseignement Technique de Rabat,Rabat,Morocco,,,,,2016-01-01,2016,ICEIS 2016 - Proceedings of the 18th International Conference on Enterprise Information Systems,,21100469407.0,,Conference Proceeding,2,,,205-210,,,0,1,repositoryam,Green,,,,computer_vision_or_image_and_segmentation
2-s2.0-85023184367,10.5220/0006276704050414,,,Unsupervised segmentation of nonstationary data using triplet Markov chains,cp,Conference Paper,El Yazid Boudaren M.,,Ecole Militaire Polytechnique,Algiers,Algeria,,,,,2017-01-01,2017,ICEIS 2017 - Proceedings of the 19th International Conference on Enterprise Information Systems,,21100469407.0,,Conference Proceeding,1,,,405-414,,,1,1,repositoryam,Green,,,,computer_vision_or_image_and_segmentation
2-s2.0-85033478466,10.1093/mnras/stx2536,,,Photometric redshifts for the next generation of deep radio continuum surveys - I. template fitting,ar,Article,Duncan K.J.,,Sterrewacht Leiden,Leiden,Netherlands,,,,,2018-01-01,January 2018,Monthly Notices of the Royal Astronomical Society,00358711,28218.0,13652966,Journal,473,2,,2655-2672,,,50,0,repositoryam,Green,,,,computer_vision_or_image_and_image_enhancement
2-s2.0-85060909021,10.1093/MNRAS/STY2437,,,Measuring the global 21-cm signal with the MWA-I: Improved measurements of the Galactic synchrotron background using lunar occultation,ar,Article,McKinley B.,,Curtin University,Perth,Australia,,,,,2018-12-01,1 December 2018,Monthly Notices of the Royal Astronomical Society,00358711,28218.0,13652966,Journal,481,4,,5034-5045,,,14,1,repositoryam,Green,,,,computer_vision_or_image_and_image_enhancement
2-s2.0-18444389722,,,,Reflection plane placement in numerical inductance calculations using the method of images for thin-film superconducting structures,cp,Conference Paper,Fourie C.,,Stellenbosch University,Stellenbosch,South Africa,,,,,2003-07-01,July 2003,SAIEE Africa Research Journal,00382221,19255.0,,Journal,94,2,,18-24,,,1,0,,,,,,computer_vision_or_image_and_segmentation
2-s2.0-84880381700,10.23919/saiee.2013.8531868,,,Multi-agent augmented Computer Vision technologies to support human monitoring of secure computing facilities,ar,Article,Potgieter M.,,Nelson Mandela University,Gqeberha,South Africa,,,,,2013-01-01,June 2013,SAIEE Africa Research Journal,00382221,19255.0,,Journal,104,2,,80-88,,,0,0,,,,,,computer_vision_or_image_and_object_detection
2-s2.0-85115879301,10.1007/978-3-030-77448-6_60,,,Processing of Radar and Optical Images for Monitoring Natural and Anthropogenic Emergencies,cp,Conference Paper,Mozgovoy D.,,Oles Honchar Dnipro National University,Dnipro,Ukraine,,,,,2021-01-01,2021,Lecture Notes in Networks and Systems,23673370,21100901469.0,23673389,Book Series,228,,,607-620,,,0,0,,,,,,computer_vision_or_image_and_object_recognition
2-s2.0-85135800202,10.1007/978-981-19-1607-6_62,,,Detection of Retinopathy of Prematurity Stages Utilizing Deep Neural Networks,cp,Conference Paper,Salih N.,,Ecole Nationale d'Ingénieurs de Sfax,Sfax,Tunisia,,,,,2023-01-01,2023,Lecture Notes in Networks and Systems,23673370,21100901469.0,23673389,Book Series,447,,,699-706,,,0,0,,,,,,computer_vision_or_image_and_deep_learning_or_deep_neural_network
2-s2.0-85130377566,10.1007/978-3-031-02447-4_46,,,Moroccan Carpets Classification Based on SVM Classifier and ORB Features,cp,Conference Paper,Moussaoui H.,,Université Sidi Mohamed Ben Abdellah,Fez,Morocco,,,,,2022-01-01,2022,Lecture Notes in Networks and Systems,23673370,21100901469.0,23673389,Book Series,455 LNNS,,,446-455,,,0,0,,,,,,computer_vision_or_image_and_image_classification
2-s2.0-85135091423,10.1007/978-3-031-07969-6_16,,,Application of Artificial Intelligence to X-ray Image-Based Coronavirus Diseases (COVID-19) for Automatic Detection,cp,Conference Paper,Youssra E.I.E.B.,,Faculté Polydisciplinaire de Larache,Larache,Morocco,,,,,2022-01-01,2022,Lecture Notes in Networks and Systems,23673370,21100901469.0,23673389,Book Series,489 LNNS,,,208-220,,,0,0,,,,,,computer_vision_or_image_and_deep_learning_or_deep_neural_network
2-s2.0-85042419393,,,,A generic multi-agent framework for medical-image segmentation?,cp,Conference Paper,Bennai M.T.,,Université de Boumerdes;Université de Reims Champagne-Ardenne,Boumerdes;Reims,Algeria;France,,,,,2018-01-01,2018,CEUR Workshop Proceedings,16130073,21100218356.0,,Conference Proceeding,2056,,,1-12,,,0,0,,,,,,computer_vision_or_image_and_segmentation
2-s2.0-84892614002,,,,Data fusion approach in the possibilistic context: Application to the segmentation of MR images,cp,Conference Paper,Chaabane L.,,Université Mohamed Boudiaf - M'sila,M'sila,Algeria,,,,,2011-12-01,2011,CEUR Workshop Proceedings,16130073,21100218356.0,,Conference Proceeding,825,,,,,,0,0,,,,,,computer_vision_or_image_and_segmentation
2-s2.0-85119455675,,,,Knowledge-based construction of confusion matrices for multi-label classification algorithms using semantic similarity measures,cp,Conference Paper,Turki H.,,Faculté des Sciences de Sfax,Sfax,Tunisia,,,,,2021-01-01,2021,CEUR Workshop Proceedings,16130073,21100218356.0,,Conference Proceeding,2998,,,,,,0,0,,,,,,computer_vision_or_image_and_semantics
2-s2.0-84984868143,10.1007/s10772-016-9367-z,,,Voice assessments for detecting patients with Parkinson’s diseases using PCA and NPCA,ar,Article,Benba A.,,Ecole Normale Superieure de Enseignement Technique de Rabat,Rabat,Morocco,,,,,2016-12-01,1 December 2016,International Journal of Speech Technology,13812416,26802.0,15728110,Journal,19,4,,743-754,,,19,0,,,,,,computer_vision_or_image_and_support_vector_machine
2-s2.0-85070264567,10.1007/s10772-019-09610-z,,,Efficient anomaly detection from medical signals and images,ar,Article,Sedik A.,,Kafrelsheikh University,Kafr el-Sheikh,Egypt,,,,,2019-09-01,1 September 2019,International Journal of Speech Technology,13812416,26802.0,15728110,Journal,22,3,,739-767,,,12,0,,,,,,computer_vision_or_image_and_object_detection
2-s2.0-84904331323,10.1520/JTE20130104,,,A novel biometric system based hand vein recognition,ar,Article,Trabelsi R.B.,,Ecole Nationale d'Ingénieurs de Sfax,Sfax,Tunisia,,,,,2014-01-01,July 2014,Journal of Testing and Evaluation,00903973,21205.0,,Journal,42,4,,,,,8,0,,,,,,computer_vision_or_image_and_segmentation
2-s2.0-48849103639,,,,Double watermarking and turbo coding for robust image watermarking,ar,Article,Chemak C.,,Higher Institute of Biotechnology of Sfax (ISBS);Université de Franche-Comté,Sfax;Besancon,Tunisia;France,,,,,2008-07-01,July 2008,Journal of Testing and Evaluation,00903973,21205.0,,Journal,36,4,,392-401,,,0,0,,,,,,computer_vision_or_image_and_image_enhancement
2-s2.0-85131134195,10.1007/978-3-031-06458-6_14,,,Automatic Change Detection Based on the Independent Component Analysis and Fuzzy C-Means Methods,cp,Conference Paper,Maarir A.,,Université Sultan Moulay Slimane,Beni Mellal,Morocco,,,,,2022-01-01,2022,Lecture Notes in Business Information Processing,18651348,17500155101.0,18651356,Book Series,449 LNBIP,,,178-187,,,0,0,,,,,,computer_vision_or_image_and_segmentation
2-s2.0-85131123176,10.1007/978-3-031-06458-6_3,,,Performance Investigation of a Proposed CBIR Search Engine Using Deep Convolutional Neural Networks,cp,Conference Paper,Zitan S.,,Université Moulay Ismail,Meknes,Morocco,,,,,2022-01-01,2022,Lecture Notes in Business Information Processing,18651348,17500155101.0,18651356,Book Series,449 LNBIP,,,41-49,,,0,0,,,,,,computer_vision_or_image_and_deep_learning_or_deep_neural_network
2-s2.0-85129974033,10.1155/2022/7456650,,,Model Optimization of Agricultural Machinery Information Control System Based on Artificial Intelligence,ar,Article,Wang C.,,Tangshan,Hebei,China,,,,,2022-01-01,2022,Journal of Food Quality,01469428,20611.0,17454557,Journal,2022,,7456650,,,,0,1,publisherfullgold,Gold,,,,computer_vision_or_image_and_artificial_intelligence_or_machine_learning
2-s2.0-85132446437,10.1155/2022/6302331,,,An IoT and Machine Learning-Based Model to Monitor Perishable Food towards Improving Food Safety and Quality,ar,Article,Batool A.,,Beijing Institute of Technology,Beijing,China,,,,,2022-01-01,2022,Journal of Food Quality,01469428,20611.0,17454557,Journal,2022,,6302331,,,,0,1,publisherfullgold,Gold,,,,computer_vision_or_image_and_artificial_intelligence_or_machine_learning
2-s2.0-85079638980,10.3390/SYM11121493,,,Handcrafted versus CNN features for ear recognition,ar,Article,Alshazly H.,,South Valley University;Universität zu Lübeck,Qena;Lübeck,Egypt;Germany,,,,,2019-12-01,1 December 2019,Symmetry,,21100201542.0,20738994,Journal,11,12,1493,,,,27,1,publisherfullgold,Gold,,,,computer_vision_or_image_and_visualization
2-s2.0-85141663555,10.3390/sym14112323,,,Optimal Design of Convolutional Neural Network Architectures Using Teaching–Learning-Based Optimization for Image Classification,ar,Article,Ang K.M.,,UCSI University,Kuala Lumpur,Malaysia,,,,,2022-11-01,November 2022,Symmetry,,21100201542.0,20738994,Journal,14,11,2323,,,,1,1,publisherfullgold,Gold,,,,computer_vision_or_image_and_image_classification
2-s2.0-85056083227,10.1051/0004-6361/201833477,,,The impact crater at the origin of the Julia family detected with VLT/SPHERE?,ar,Article,Vernazza P.,,Laboratoire d'Astrophysique de Marseille,Marseille,France,,,,,2018-10-01,1 October 2018,Astronomy and Astrophysics,00046361,26750.0,14320746,Journal,618,,A154,,,,22,1,repositoryam,Green,,,,computer_vision_or_image_and_camera
2-s2.0-84888615527,10.1051/0004-6361/201321639,,,Discovery of very high energy γ-ray emission from the BL Lacertae object PKS 0301-243 with H.E.S.S.,ar,Article,Abramowski A.,,Universität Hamburg,Hamburg,Germany,,,,,2013-01-01,2013,Astronomy and Astrophysics,00046361,26750.0,14320746,Journal,559,,A136,,,,18,1,repositoryam,Green,,,,computer_vision_or_image_and_object_detection
2-s2.0-15744403174,10.1109/ICSMC.2004.1401399,,,Texture primitives description and segmentation using variography and mathematical morphology,cp,Conference Paper,Kourgli A.,,Université des Sciences et de la Technologie Houari Boumediene,Algiers,Algeria,,,,,2004-12-01,2004,"Conference Proceedings - IEEE International Conference on Systems, Man and Cybernetics",1062922X,145097.0,,Conference Proceeding,7,,,6360-6365,,,6,0,,,,,,computer_vision_or_image_and_segmentation
2-s2.0-84938153569,10.1109/SMC.2014.6974020,,,Pixel-based or object-based: Which approach is more appropriate for remote sensing image classification?,cp,Conference Paper,Zerrouki N.,,Centre de Développement des Technologies Avancées,Algiers,Algeria,,,,,2014-01-01,2014,"Conference Proceedings - IEEE International Conference on Systems, Man and Cybernetics",1062922X,145097.0,,Conference Proceeding,2014-January,January,6974020,864-869,,,23,0,,,,,,computer_vision_or_image_and_image_classification
2-s2.0-85144857770,10.3390/electronics11244101,,,Single Energy X-ray Image Colorization Using Convolutional Neural Network for Material Discrimination,ar,Article,Yagoub B.,,Chungbuk National University,Cheongju,South Korea,,,,,2022-12-01,December 2022,Electronics (Switzerland),,21100829272.0,20799292,Journal,11,24,4101,,,,0,1,publisherfullgold,Gold,,,,computer_vision_or_image_and_deep_learning_or_deep_neural_network
2-s2.0-85131050048,10.3390/electronics11111763,,,Classification of Glaucoma Based on Elephant-Herding Optimization Algorithm and Deep Belief Network,ar,Article,Ali M.A.S.,,Faculty of Computers and Information;King Faisal University,Benha;Al-Ahsa,Egypt;Saudi Arabia,,,,,2022-06-01,June-1 2022,Electronics (Switzerland),,21100829272.0,20799292,Journal,11,11,1763,,,,7,1,publisherfullgold,Gold,,,,computer_vision_or_image_and_segmentation
2-s2.0-85137400223,10.3390/electronics11162546,,,Small Object Detection Method Based on Weighted Feature Fusion and CSMA Attention Module,ar,Article,Peng C.,,Northeast Forestry University,Harbin,China,,,,,2022-08-01,August 2022,Electronics (Switzerland),,21100829272.0,20799292,Journal,11,16,2546,,,,0,1,publisherfullgold,Gold,,,,computer_vision_or_image_and_object_detection
2-s2.0-85007379176,10.3390/diagnostics6010013,,,Auto diagnostics of lung nodules using minimal characteristics extraction technique,ar,Article,Peña D.M.,,Southeast University,Nanjing,China,,,,,2016-03-01,1 March 2016,Diagnostics,,21100852989.0,20754418,Journal,6,1,13,,,,17,1,repositoryam,Green,,,,computer_vision_or_image_and_segmentation
2-s2.0-85141785450,10.3390/diagnostics12112718,,,GestroNet: A Framework of Saliency Estimation and Optimal Deep Learning Features Based Gastrointestinal Diseases Detection and Classification,ar,Article,Khan M.A.,,HITEC University,Rawalpindi,Pakistan,,,,,2022-11-01,November 2022,Diagnostics,,21100852989.0,20754418,Journal,12,11,2718,,,,0,1,repositoryvor,Green,,,,computer_vision_or_image_and_deep_learning_or_deep_neural_network
2-s2.0-84939609312,10.1007/s12530-014-9116-y,,,The power laws: Zipf and inverse Zipf for automated segmentation and classification of masses within mammograms,ar,Article,Hamoud M.,,Université Badji Mokhtar - Annaba,Annaba,Algeria,,,,,2015-09-21,21 September 2015,Evolving Systems,18686478,19700175286.0,18686486,Journal,6,3,,209-227,,,7,0,,,,,,computer_vision_or_image_and_pattern_recognition
2-s2.0-85085680718,10.1007/s12530-020-09346-1,,,A new framework for grayscale ear images recognition using generative adversarial networks under unconstrained conditions,ar,Article,Khaldi Y.,,Université de Bouira,Bouira,Algeria,,,,,2021-12-01,December 2021,Evolving Systems,18686478,19700175286.0,18686486,Journal,12,4.0,,923-934,,,17,0,,,,,,computer_vision_or_image_and_generative_adversarial_networks
2-s2.0-85122245876,10.1007/s12652-021-03676-x,,,Detecting epilepsy in EEG signals using synchro-extracting-transform (SET) supported classification technique,ar,Article,Rajinikanth V.,,St. Joseph's College of Engineering,Chennai,India,,,,,2022-01-01,2022,Journal of Ambient Intelligence and Humanized Computing,18685137,19400158593.0,18685145,Journal,,,,,,,1,0,,,,,,computer_vision_or_image_and_image_enhancement
2-s2.0-85066287305,10.1007/s12652-019-01326-x,,,Fall detection system with portable camera,ar,Article,Boudouane I.,,Université des Sciences et de la Technologie Houari Boumediene,Algiers,Algeria,,,,,2020-07-01,1 July 2020,Journal of Ambient Intelligence and Humanized Computing,18685137,19400158593.0,18685145,Journal,11,7,,2647-2659,,,7,0,,,,,,computer_vision_or_image_and_camera
2-s2.0-85143282681,10.1016/j.matpr.2022.11.356,S2214785322072078,,Concrete bridge crack detection by image processing technique by using the improved OTSU method,ar,Article,Vivekananthan V.,,Mettu University,Metu Zuria,Ethiopia,,,,,2022-01-01,2022,Materials Today: Proceedings,,21100370037.0,22147853,Journal,,,,,,,0,0,,,,,,computer_vision_or_image_and_object_detection
2-s2.0-85130172618,10.1016/j.matpr.2021.01.199,S2214785321002881,,Design and implementation of image classification based convolutional neural networks on hardware,ar,Article,Syedbi S.,,"Samara University, Ethiopia",Semera,Ethiopia,,,,,2022-01-01,2022,Materials Today: Proceedings,,21100370037.0,22147853,Journal,,,,,,,0,0,,,,,,computer_vision_or_image_and_image_classification
2-s2.0-85127972098,10.3390/math10050733,,,Computational Intelligence-Based Harmony Search Algorithm for Real-Time Object Detection and Tracking in Video Surveillance Systems,ar,Article,Alotaibi M.F.,,King Abdulaziz University,Jeddah,Saudi Arabia,,,,,2022-03-01,March-1 2022,Mathematics,,21100830702.0,22277390,Journal,10,5,733,,,,6,1,repositoryvor,Green,,,,computer_vision_or_image_and_object_detection
2-s2.0-85125996691,10.3390/math10040580,,,Enhanced Convolutional Neural Network Model for Cassava Leaf Disease Identification and Classification,ar,Article,Lilhore U.K.,,"Chitkara University, Punjab",Rajpura,India,,,,,2022-02-01,February-2 2022,Mathematics,,21100830702.0,22277390,Journal,10,4,580,,,,7,1,publisherfullgold,Gold,,,,computer_vision_or_image_and_deep_learning_or_deep_neural_network
2-s2.0-85079677684,10.1088/1742-6596/1447/1/012012,,,Staging of clear cell renal cell carcinoma using random forest and support vector machine,cp,Conference Paper,Talaat D.,,College of Engineering and Technology,Alexandria,Egypt,,,,,2020-01-31,31 January 2020,Journal of Physics: Conference Series,17426588,130053.0,17426596,Conference Proceeding,1447,1,012012,,,,2,1,publisherfree2read,Bronze,,,,computer_vision_or_image_and_segmentation
2-s2.0-85123994985,10.1088/1742-6596/2128/1/012001,,,Optical Inter-Satellite Link over Low Earth Orbit: Enhanced Performance,cp,Conference Paper,Shehata M.I.,,"Arab Academy for Science, Technology, and Maritime Transport",Aswan,Egypt,,,,,2021-12-24,24 December 2021,Journal of Physics: Conference Series,17426588,130053.0,17426596,Conference Proceeding,2128,1,012001,,,,1,1,publisherfullgold,Gold,,,,computer_vision_or_image_and_image_enhancement
2-s2.0-85114202014,10.1109/ICEEM52022.2021.9480627,,,Handwritten chemical formulas classification model using deep transfer convolutional neural networks,cp,Conference Paper,Hagag A.,,Faculty of Computers and Information,Benha,Egypt,,,,,2021-07-03,3 July 2021,ICEEM 2021 - 2nd IEEE International Conference on Electronic Engineering,,21101058149.0,,Conference Proceeding,,,9480627,,,,1,0,,,,,,computer_vision_or_image_and_deep_learning_or_deep_neural_network
2-s2.0-85114204277,10.1109/ICEEM52022.2021.9480654,,,Plant seedlings classification using transfer learning,cp,Conference Paper,Hassan E.,,Faculty of Artificial Intelligence,Kafr el-Sheikh,Egypt,,,,,2021-07-03,3 July 2021,ICEEM 2021 - 2nd IEEE International Conference on Electronic Engineering,,21101058149.0,,Conference Proceeding,,,9480654,,,,3,0,,,,,,computer_vision_or_image_and_agricultural_robots
2-s2.0-84860677244,10.1109/ICM.2011.6177389,,,Improved Masek approach for iris localization,cp,Conference Paper,Aydi W.,,University of Sfax,Sfax,Tunisia,,,,,2011-12-01,2011,"Proceedings of the International Conference on Microelectronics, ICM",,144854.0,,Conference Proceeding,,,6177389,,,,8,0,,,,,,computer_vision_or_image_and_segmentation
2-s2.0-85065733378,10.1109/ICM.2018.8704114,,,LIDAR and Stereo-Camera fusion for reliable Road Extraction,cp,Conference Paper,Lachachi M.Y.,,Université des Sciences et de la Technologie d’Oran Mohamed-Boudiaf,Oran,Algeria,,,,,2018-07-02,2 July 2018,"Proceedings of the International Conference on Microelectronics, ICM",,21100925146.0,,Conference Proceeding,2018-December,,8704114,64-67,,,1,0,,,,,,computer_vision_or_image_and_segmentation
2-s2.0-85123176019,10.1109/NILES53778.2021.9600500,,,Visualization of Retinal Anatomical Structure Using Computer-Generated Holography,cp,Conference Paper,Abdelazeem R.M.,,National Institute of Laser Enhanced Sciences,Giza,Egypt,,,,,2021-01-01,2021,"NILES 2021 - 3rd Novel Intelligent and Leading Emerging Sciences Conference, Proceedings",,21101073251.0,,Conference Proceeding,,,,232-235,,,2,0,,,,,,computer_vision_or_image_and_visualization
2-s2.0-85121322119,10.1109/NILES53778.2021.9600491,,,Driver-in-the-Loop for computer-vision based ADAS testing,cp,Conference Paper,Kassem N.S.,,MSA University,6th October,Egypt,,,,,2021-01-01,2021,"NILES 2021 - 3rd Novel Intelligent and Leading Emerging Sciences Conference, Proceedings",,21101073251.0,,Conference Proceeding,,,,252-256,,,2,0,,,,,,computer_vision_or_image_and_virtual_reality
2-s2.0-0031635748,,,,Seismic buffer recognition using mutual information for selecting wavelet based features,cp,Conference Paper,Hoffman A.J.,,North-West University,Potchefstroom,South Africa,,,,,1998-01-01,1998,IEEE International Symposium on Industrial Electronics,,85690.0,,Conference Proceeding,2,,,663-667,,,5,0,,,,,,computer_vision_or_image_and_object_recognition
2-s2.0-84907332699,10.1109/ISIE.2014.6864750,,,Neuro-genetic classifier applied to road detection,cp,Conference Paper,Bahri M.A.,,École Nationale Supérieure d'Ingénieurs de Tunis,Tunis,Tunisia,,,,,2014-01-01,2014,IEEE International Symposium on Industrial Electronics,,85690.0,,Conference Proceeding,,,6864750,1010-1015,,,0,0,,,,,,computer_vision_or_image_and_image_classification
2-s2.0-85016449629,10.1088/1757-899X/169/1/012020,,,Amorphisation and recrystallisation study of lithium intercalation into TiO<inf>2</inf> nano-architecture.,cp,Conference Paper,Matshaba M.,,University of Limpopo,Sovenga,South Africa,,,,,2017-02-16,16 February 2017,IOP Conference Series: Materials Science and Engineering,17578981,19700200831.0,1757899X,Conference Proceeding,169,1,012020,,,,0,1,publisherfullgold,Gold,,,,computer_vision_or_image_and_visualization
2-s2.0-85074957549,10.1088/1757-899X/610/1/012027,,,Automated vehicle detection in satellite images using deep learning,cp,Conference Paper,Mansour A.,,Military Technical College,Cairo,Egypt,,,,,2019-10-11,11 October 2019,IOP Conference Series: Materials Science and Engineering,17578981,19700200831.0,1757899X,Conference Proceeding,610,1,012027,,,,10,1,publisherfree2read,Bronze,,,,computer_vision_or_image_and_object_detection
2-s2.0-33745728750,10.1109/nrsc.2005.194002,,,A new super-resolution image reconstruction algorithm based on wavelet fusion,cp,Conference Paper,El-Khamy S.E.,,Alexandria University;IEEE,Alexandria;New York,Egypt;United States,,,,,2005-01-01,2005,"National Radio Science Conference, NRSC, Proceedings",,87912.0,,Conference Proceeding,,,1502130,195-204,,,6,0,,,,,,computer_vision_or_image_and_super-resolution
2-s2.0-46749122279,10.1109/NRSC.2006.386387,,,A neuro-difference Fuzzy technique for automatic segmentation of region of interest in medical imaging,cp,Conference Paper,Tayel M.B.,,Alexandria University,Alexandria,Egypt,,,,,2006-12-01,2006,"National Radio Science Conference, NRSC, Proceedings",,87912.0,,Conference Proceeding,,,4275184,,,,4,0,,,,,,computer_vision_or_image_and_segmentation
2-s2.0-84982683400,10.1109/NRSC.2013.6587961,,,K7. Retinal blood vessel image segmentation using rotating filtration to help in early diagnosis and management diabetic retinopathy,cp,Conference Paper,Badawy S.,,Faculty of Electronic Engineering,Shibin El Kom,Egypt,,,,,2013-01-01,2013,"National Radio Science Conference, NRSC, Proceedings",,21100774808.0,,Conference Proceeding,2013-January,,6587961,542-548,,,2,0,,,,,,computer_vision_or_image_and_segmentation
2-s2.0-85122693253,10.1016/j.ecoinf.2022.101553,S1574954122000024,,Graph ranking based butterfly segmentation in ecological images,ar,Article,Filali I.,,Université Mouloud Mammeri de Tizi Ouzou,Tizi Ouzou,Algeria,,,,,2022-05-01,May 2022,Ecological Informatics,15749541,3100147401.0,,Journal,68,,101553,,,,0,0,,,,,,computer_vision_or_image_and_segmentation
2-s2.0-85139038593,10.1016/j.ecoinf.2022.101822,S1574954122002722,,An approach to multi-class imbalanced problem in ecology using machine learning,re,Review,Sidumo B.,,North-West University,Potchefstroom,South Africa,,,,,2022-11-01,November 2022,Ecological Informatics,15749541,3100147401.0,,Journal,71,,101822,,,,0,0,,,,,,computer_vision_or_image_and_image_classification
2-s2.0-85105680925,10.1111/2041-210X.13618,,,"PICT: A low-cost, modular, open-source camera trap system to study plant–insect interactions",ar,Article,Droissart V.,,Université de Montpellier;Université de Yaoundé I;Université Libre de Bruxelles,Montpellier;Yaounde;Brussels,France;Cameroon;Belgium,,,,,2021-08-01,August 2021,Methods in Ecology and Evolution,,21100217611.0,2041210X,Journal,12,8,,1389-1396,,,11,1,repositoryvor,Green,,,,computer_vision_or_image_and_camera
2-s2.0-85102629275,10.1111/2041-210X.13577,,,Revisiting animal photo-identification using deep metric learning and network analysis,ar,Article,Miele V.,,Université Claude Bernard Lyon 1,Villeurbanne,France,,,,,2021-05-01,May 2021,Methods in Ecology and Evolution,,21100217611.0,2041210X,Journal,12,5,,863-873,,,7,0,repositoryam,Green,,,,computer_vision_or_image_and_object_detection
2-s2.0-85081587177,10.3847/1538-4357/ab6a1b,,,GROWTH on S190814bv: Deep Synoptic Limits on the Optical/Near-infrared Counterpart to a Neutron Star-Black Hole Merger,ar,Article,Andreoni I.,,California Institute of Technology,Pasadena,United States,,,,,2020-02-20,20 February 2020,Astrophysical Journal,0004637X,26765.0,15384357,Journal,890,2,131,,,,62,0,repositoryam,Green,,,,computer_vision_or_image_and_camera
2-s2.0-75149165749,10.1088/0004-637X/694/1/115,,,Detection of star streams and turbulence in nearby galaxies: Power spectrum analysis of spitzer images,ar,Article,Block D.,,"University of the Witwatersrand, Johannesburg",Johannesburg,South Africa,,,,,2009-01-01,2009,Astrophysical Journal,0004637X,26765.0,15384357,Journal,694,1,,115-129,,,7,1,publisherfree2read,Bronze,,,,computer_vision_or_image_and_camera
2-s2.0-85100166184,10.1051/e3sconf/202122901024,,,FPGA-based hardware acceleration for SVM machine learning algorithm,cp,Conference Paper,Fatimazahra J.,,Ecole Nationale des Sciences Appliquées - Agadir,Agadir,Morocco,,,,,2021-01-25,25 January 2021,E3S Web of Conferences,25550403,21100795900.0,22671242,Conference Proceeding,229,,01024,,,,1,1,repositoryvor,Green,,,,computer_vision_or_image_and_object_recognition
2-s2.0-85143529950,10.1051/e3sconf/202235101035,,,Social distance monitoring using YoloV4 on aerial drone images,cp,Conference Paper,El Habchi A.,,Université Mohammed Premier Oujda,Oujda,Morocco,,,,,2022-05-24,24 May 2022,E3S Web of Conferences,25550403,21100795900.0,22671242,Conference Proceeding,351,,01035,,,,0,1,repositoryvor,Green,,,,computer_vision_or_image_and_deep_learning_or_deep_neural_network
2-s2.0-85066153721,10.1016/j.heliyon.2019.e01819,S2405844018367641,,Discrimination of soil aggregates using micro-focus X-ray computed tomography in a five-year-old no-till natural fallow and conventional tillage in South Africa,ar,Article,Malobane M.E.,,"University of South Africa;Agricultural Research Council, Pretoria",Pretoria;Pretoria,South Africa;South Africa,,,,,2019-05-01,May 2019,Heliyon,24058440,21100411756.0,,Journal,5,5,e01819,,,,6,1,repositoryvor,Green,,,,computer_vision_or_image_and_visualization
2-s2.0-85037693477,10.1016/j.heliyon.2017.e00485,S2405844017319230,,Fast Image Edge Detection based on Faber Schauder Wavelet and Otsu Threshold,ar,Article,Azeroual A.,,Université Ibn Zohr,Agadir,Morocco,,,,,2017-12-01,December 2017,Heliyon,24058440,21100411756.0,,Journal,3,12,e00485,,,,23,1,repositoryvor,Green,,,,computer_vision_or_image_and_object_detection
2-s2.0-51349154288,10.1109/ICIT.2006.372578,,,Minimizing error in tool wear estimation using artificial neural network,cp,Conference Paper,Raimond K.,,Addis Ababa University,Addis Ababa,Ethiopia,,,,,2006-12-01,2006,Proceedings of the IEEE International Conference on Industrial Technology,,84128.0,,Conference Proceeding,,,4237900,2049-2054,,,2,0,,,,,,computer_vision_or_image_and_image_classification
2-s2.0-27944506770,,,,Robust registration of virtual objects for industrial applications,cp,Conference Paper,Fergani B.,,Université Constantine 1,Constantine,Algeria,,,,,2004-12-01,2004,Proceedings of the IEEE International Conference on Industrial Technology,,84128.0,,Conference Proceeding,2,,,1040-1045,,,0,0,,,,,,computer_vision_or_image_and_virtual_reality
2-s2.0-85107605498,10.1007/s10661-021-09053-7,,34110504.0,Assessing natural resource change in Vhembe biosphere and surroundings,ar,Article,Nuwarinda H.,,University of the Free State,Bloemfontein,South Africa,,,,,2021-07-01,July 2021,Environmental Monitoring and Assessment,01676369,21482.0,15732959,Journal,193,7,404,,,,0,0,,,,,,computer_vision_or_image_and_agricultural_robots
2-s2.0-85098049363,10.1007/s10661-020-08778-1,,33349892.0,Assessment of irrigation expansion and implications for water resources by using RS and GIS techniques in the Lake Tana Basin of Ethiopia,ar,Article,Abera A.,,Bahar Dar University,Bahar Dar,Ethiopia,,,,,2021-01-01,January 2021,Environmental Monitoring and Assessment,01676369,21482.0,15732959,Journal,193,1,13,,,,10,0,,,,,,computer_vision_or_image_and_image_classification
2-s2.0-85021681273,10.3390/su9071084,,,Conservation farming and changing climate: More beneficial than conventional methods for degraded Ugandan soils,ar,Article,Mubiru D.N.,,National Agricultural Research Organization (NARO),Kampala,Uganda,,,,,2017-06-30,30 June 2017,Sustainability (Switzerland),,21100240100.0,20711050,Journal,9,7,1084,,,,12,1,repositoryam,Green,,,,computer_vision_or_image_and_image_classification
2-s2.0-85085937030,10.3390/su12114534,,,"Analysis of land cover change detection in Gozamin district, Ethiopia: From remote sensing and DPSIR perspectives",ar,Article,Gedefaw A.A.,,Debre Markos University;Universitat fur Bodenkultur Wien,Debre Markos;Vienna,Ethiopia;Austria,,,,,2020-06-01,1 June 2020,Sustainability (Switzerland),,21100240100.0,20711050,Journal,12,11,4534,,,,9,1,repositoryvor,Green,,,,computer_vision_or_image_and_image_classification
2-s2.0-85061392228,10.7717/peerj.6201,,,Breast cancer detection using deep convolutional neural networks and support vector machines,ar,Article,Ragab D.A.,,"University of Strathclyde;Arab Academy for Science, Technology and Maritime Transport",Glasgow;Alexandria,United Kingdom;Egypt,,,,,2019-01-01,2019,PeerJ,,21100239256.0,21678359,Journal,2019,1,e6201,,,,182,1,repositoryam,Green,,,,computer_vision_or_image_and_deep_learning_or_deep_neural_network
2-s2.0-85107891385,10.7717/peerj.11573,,,"Unsupervised learning of satellite images enhances discovery of late Miocene fossil sites in the Urema Rift, Gorongosa, Mozambique",ar,Article,Coelho J.d.O.,,"University of Coimbra, Centre for Functional Ecology;University of Oxford",Coimbra;Oxford,Portugal;United Kingdom,,,,,2021-06-01,June 2021,PeerJ,,21100239256.0,21678359,Journal,9,,11573,,,,4,1,repositoryam,Green,,,,computer_vision_or_image_and_image_enhancement
2-s2.0-85115713180,10.1007/s12665-021-09953-4,,,"Linear features in Osun State, Southwestern Nigeria: qualitative and quantitative study using magnetic and satellite data",ar,Article,Adebayo A.S.,,University of Medical Sciences,Ondo,Nigeria,,,,,2021-10-01,October 2021,Environmental Earth Sciences,18666280,19400158519.0,18666299,Journal,80,19,672,,,,0,0,,,,,,computer_vision_or_image_and_visualization
2-s2.0-85103829168,10.1007/s12665-021-09408-w,,,"Lithological characterization of Ijebu-Ife, Southwest, Nigeria using aero-radioactivity data",ar,Article,Okeyode I.C.,,"Federal University of Agriculture, Abeokuta",Abeokuta,Nigeria,,,,,2021-04-01,April 2021,Environmental Earth Sciences,18666280,19400158519.0,18666299,Journal,80,8,296,,,,1,0,,,,,,computer_vision_or_image_and_image_enhancement
2-s2.0-85079136140,,,,1KUNS-PF after one year of flight: New results for the IKUNS programme,cp,Conference Paper,Otieno V.,,Sapienza Università di Roma,Rome,Italy,,,,,2019-01-01,2019,"Proceedings of the International Astronautical Congress, IAC",00741795,21100255701.0,,Conference Proceeding,2019-October,,IAC-19_B4_1_9_x53881,,,,1,0,,,,,,computer_vision_or_image_and_camera
2-s2.0-85065315261,,,,Sub-pixel image registration on an embedded satellite platform,cp,Conference Paper,LÃ¼demann J.,,Stellenbosch University,Stellenbosch,South Africa,,,,,2018-01-01,2018,"Proceedings of the International Astronautical Congress, IAC",00741795,21100255701.0,,Conference Proceeding,2018-October,,,,,,1,0,,,,,,computer_vision_or_image_and_super-resolution
2-s2.0-85141842321,10.3390/w14213582,,,Hydraulic Modeling and Remote Sensing Monitoring of Floodhazard in Arid Environments—A Case Study of Laayoune City in Saquia El Hamra Watershed Southern Morocco,ar,Article,Nafia E.A.,,Faculté des Sciences Semlalia,Marakech,Morocco,,,,,2022-11-01,November 2022,Water (Switzerland),,21100255400.0,20734441,Journal,14,21,3582,,,,0,1,publisherfullgold,Gold,,,,computer_vision_or_image_and_support_vector_machine
2-s2.0-85081556763,10.3390/w12020320,,,"Assessing regional scale water balances through remote sensing techniques: A case study of boufakrane river watershed, meknes region, Morocco",ar,Article,Hafyani M.E.,,Université Moulay Ismail,Meknes,Morocco,,,,,2020-02-01,1 February 2020,Water (Switzerland),,21100255400.0,20734441,Journal,12,2,320,,,,8,1,repositoryvor,Green,,,,computer_vision_or_image_and_image_enhancement
2-s2.0-85102466346,10.1016/j.pce.2021.102999,S1474706521000322,,Mapping the Eucalyptus spp woodlots in communal areas of Southern Africa using Sentinel-2 Multi-Spectral Imager data for hydrological applications,ar,Article,Sibanda M.,,University of the Western Cape,Bellville,South Africa,,,,,2021-06-01,June 2021,Physics and Chemistry of the Earth,14747065,23315.0,,Journal,122,,102999,,,,5,0,,,,,,computer_vision_or_image_and_image_classification
2-s2.0-85055120514,10.1016/j.pce.2018.09.010,S1474706517300724,,"Establishing the link between urban land cover change and the proliferation of aquatic hyacinth (Eichhornia crassipes) in Harare Metropolitan, Zimbabwe",ar,Article,Dube T.,,University of the Western Cape,Bellville,South Africa,,,,,2018-12-01,December 2018,Physics and Chemistry of the Earth,14747065,23315.0,,Journal,108,,,19-27,,,7,0,repositoryvor,Green,,,,computer_vision_or_image_and_image_classification
2-s2.0-84906539489,10.1088/1755-1315/20/1/012021,,,A new method to determine eroded areas in arid environment using Landsat satellite imagery,cp,Conference Paper,Aydda A.,,Faculté des Sciences Semlalia,Marakech,Morocco,,,,,2014-01-01,2014,IOP Conference Series: Earth and Environmental Science,17551307,19900195068.0,17551315,Conference Proceeding,20,1,012021,,,,4,1,publisherfree2read,Bronze,,,,computer_vision_or_image_and_image_classification
2-s2.0-85090122746,10.1088/1755-1315/540/1/012092,,,Colour Feature Extraction Techniques for Real Time System of Oil Palm Fresh Fruit Bunch Maturity Grading,cp,Conference Paper,Alfatni M.S.M.,,Al Asmarya Islamic University,Zliten,Libyan Arab Jamahiriya,,,,,2020-08-04,4 August 2020,IOP Conference Series: Earth and Environmental Science,17551307,19900195068.0,17551315,Conference Proceeding,540,1,012092,,,,4,1,publisherfree2read,Bronze,,,,computer_vision_or_image_and_segmentation
2-s2.0-85115138492,10.1016/j.asr.2021.08.035,S0273117721006852,,Experimental investigation of microvibrations induced by reaction wheels on earth observation satellite,ar,Article,Mankour A.,,Agence Spatiale Algerienne,Algiers,Algeria,,,,,2021-12-01,1 December 2021,Advances in Space Research,02731177,12375.0,18791948,Journal,68,11,,4484-4495,,,3,0,,,,,,computer_vision_or_image_and_camera
2-s2.0-84155171084,10.1016/j.asr.2011.09.024,S0273117711006892,,"Remote sensing detection of gold related alteration zones in Um Rus area, central eastern desert of Egypt",ar,Article,Amer R.,,St. Louis University,St. Louis,United States,,,,,2012-01-01,1 January 2012,Advances in Space Research,02731177,12375.0,,Journal,49,1,,121-134,,,97,0,,,,,,computer_vision_or_image_and_image_enhancement
2-s2.0-85115856208,10.52638/rfpt.2020.477,,,Random forests and classification of satellite images: Relationship between the accuracy of the training model and the overall accuracy of the classification,ar,Article,Matsaguim A.N.G.,,Université de Yaoundé I,Yaounde,Cameroon,,,,,2020-01-01,2020,Revue Francaise de Photogrammetrie et de Teledetection,17689791,144988.0,,Journal,,222,,3-14,,,1,1,publisherfullgold,Gold,,,,computer_vision_or_image_and_image_classification
2-s2.0-57649122128,,,,Project life: Following desertification in the countries on the southern shore of the Mediterranean with application to the case of Morocco,ar,Article,Bijaber N.,,Ctr. Roy. de Teledetection Spatiale,Agdal Rabat,Morocco,,,,,2007-12-01,2007,Revue Francaise de Photogrammetrie et de Teledetection,17689791,144988.0,,Journal,,187-188,,55-67,,,0,0,,,,,,computer_vision_or_image_and_image_enhancement
2-s2.0-85109669353,10.1007/s12517-021-07427-2,,,"Integration of gravity and remote sensing data for characterizing the geologic and geomorphic features in Asyut Basin, western desert of Egypt",ar,Article,Khalifa M.O.,,South Valley University,Qena,Egypt,,,,,2021-07-01,July 2021,Arabian Journal of Geosciences,18667511,17400154823.0,18667538,Journal,14,14,1359,,,,0,0,,,,,,computer_vision_or_image_and_image_enhancement
2-s2.0-85059582816,10.1007/s12517-018-4201-3,,,"Contribution of remote sensing to mapping In-Abeggui gold deposit (Central Hoggar, South Algeria)",ar,Article,Boutrika R.,,Université des Sciences et de la Technologie Houari Boumediene;Kasdi Merbah University Ouargla,Algiers;Algiers,Algeria;Algeria,,,,,2019-01-01,1 January 2019,Arabian Journal of Geosciences,18667511,17400154823.0,18667538,Journal,12,2,23,,,,2,0,,,,,,computer_vision_or_image_and_visualization
2-s2.0-85136970920,10.1007/978-3-031-14615-2_33,,,Defect Detection in Additive Manufacturing Using Computer Vision Monitoring,cp,Conference Paper,Koubaa S.,,Ecole Nationale d'Ingénieurs de Sfax,Sfax,Tunisia,,,,,2023-01-01,2023,Lecture Notes in Mechanical Engineering,21954356,21100431311.0,21954364,Book Series,,,,285-290,,,0,0,,,,,,computer_vision_or_image_and_segmentation
2-s2.0-85141807943,10.1007/978-981-19-4606-6_86,,,Automated Vision Application in Industrial Defect Identification,cp,Conference Paper,Oyekola P.,,Tennessee Technological University,Cookeville,United States,,,,,2023-01-01,2023,Lecture Notes in Mechanical Engineering,21954356,21100431311.0,21954364,Book Series,,,,943-958,,,0,0,,,,,,computer_vision_or_image_and_camera
2-s2.0-84902650105,10.1007/s00247-014-2948-6,,24854927.0,World Federation of Pediatric Imaging (WFPI) volunteer outreach through tele-reading: The pilot project in South Africa,cp,Conference Paper,Griggs R.,,David Geffen School of Medicine at UCLA,Los Angeles,United States,,,,,2014-01-01,June 2014,Pediatric Radiology,03010449,15753.0,14321998,Journal,44,6,,648-654,,,16,0,repositoryam,Green,,,,computer_vision_or_image_and_conference
2-s2.0-55949126888,10.1007/s00247-008-1028-1,,18931835.0,Magnetic resonance imaging of miliary tuberculosis of the central nervous system in children with tuberculous meningitis,ar,Article,Janse Van Rensburg P.,,Faculty of Medicine and Health Sciences,Cape Town,South Africa,,,,,2008-12-01,December 2008,Pediatric Radiology,03010449,15753.0,14321998,Journal,38,12,,1306-1313,,,31,0,,,,,,computer_vision_or_image_and_image_enhancement
2-s2.0-3142540920,10.1016/j.apradiso.2004.03.089,S0969804304001861,,Neutron radiography of porous rocks and iron ore,cp,Conference Paper,De Beer F.,,NECSA,Pretoria,South Africa,,,,,2004-10-01,October 2004,Applied Radiation and Isotopes,09698043,40907.0,,Journal,61,4,,487-495,,,32,0,,,,,,computer_vision_or_image_and_conference
2-s2.0-84891308192,10.1016/j.apradiso.2013.11.028,S096980431300448X,,Application of neutron tomography in culture heritage research,ar,Article,Mongy T.,,Nuclear Research Center,Cairo,Egypt,,,,,2014-02-01,February 2014,Applied Radiation and Isotopes,09698043,40907.0,18729800,Journal,85,,,54-59,,,8,0,,,,,,computer_vision_or_image_and_image_enhancement
2-s2.0-85070605532,10.1093/rpd/ncy191,,30445643.0,CHALLENGES in CLINICAL PRACTICE of CR MAMMOGRAPHY in Tanzania,ar,Article,Jackson J.,,University of Dar es Salaam,Dar Es Salaam,Tanzania,,,,,2019-07-01,1 July 2019,Radiation Protection Dosimetry,01448420,29514.0,17423406,Journal,184,1,ncy191,109-115,,,0,0,,,,,,computer_vision_or_image_and_image_enhancement
2-s2.0-54949148730,10.1093/rpd/ncn073,,18420566.0,Radiation dose from a linear slit scanning X-ray machine with full-body imaging capabilities,ar,Article,Irving B.,,University of Cape Town,Cape Town,South Africa,,,,,2008-11-03,2008,Radiation Protection Dosimetry,01448420,29514.0,,Journal,130,4,,482-489,,,23,0,,,,,,computer_vision_or_image_and_image_enhancement
2-s2.0-47349130508,10.1109/ICECS.2006.379798,,,Reduction of color variability in color image segmentation,cp,Conference Paper,Ben M'hadheb H.,,Ecole National d'Ingenieurs de Monastir,Monastir,Tunisia,,,,,2006-12-01,2006,"Proceedings of the IEEE International Conference on Electronics, Circuits, and Systems",,91096.0,,Conference Proceeding,,,4263376,355-358,,,2,0,,,,,,computer_vision_or_image_and_conference
2-s2.0-84964877741,10.1109/ICECS.2015.7440242,,,Skin-based adaptive background subtraction for hand gesture segmentation,cp,Conference Paper,Elsayed R.A.,,Faculty of Engineering,Zagazig,Egypt,,,,,2016-03-23,23 March 2016,"Proceedings of the IEEE International Conference on Electronics, Circuits, and Systems",,91096.0,,Conference Proceeding,2016-March,,7440242,33-36,,,8,0,,,,,,computer_vision_or_image_and_segmentation
2-s2.0-50249182147,10.1109/IECON.2006.347854,,,Computation of SAR distributions in a head due to a radiating dipole antenna representing a hand-held mobile phone,cp,Conference Paper,Bouhorma M.,,Faculté des Sciences et Techniques de Tanger,Tangier,Morocco,,,,,2006-12-01,2006,IECON Proceedings (Industrial Electronics Conference),,56670.0,,Conference Proceeding,,,4153547,3537-3543,,,0,0,,,,,,computer_vision_or_image_and_conference
2-s2.0-50249166748,10.1109/IECON.2006.347909,,,Analysis of the sound field emitted by a doubly salient switched reluctance motor using acoustic intensity measurement,cp,Conference Paper,Keddar F.,,Université des Sciences et de la Technologie d’Oran Mohamed-Boudiaf,Oran,Algeria,,,,,2006-12-01,2006,IECON Proceedings (Industrial Electronics Conference),,56670.0,,Conference Proceeding,,,4153730,1453-1458,,,2,0,,,,,,computer_vision_or_image_and_conference
2-s2.0-20844450061,,,,The SPECTRA Barrax campaign (SPARC): Overview and first results from CHRIS data,cp,Conference Paper,Moreno J.F.,,Universitat de València,Valencia,Spain,,,,,2004-12-01,2004,"European Space Agency, (Special Publication) ESA SP",03796566,27179.0,,Conference Proceeding,,578,,30-39,,,9,0,,,,,,computer_vision_or_image_and_conference
2-s2.0-84988517272,,,,Direct geolocation of satellite images with the EO-CFI libraries,cp,Conference Paper,De Miguel E.,,Instituto Nacional de Tecnica Aeroespacial,Madrid,Spain,,,,,2016-08-01,1 August 2016,"European Space Agency, (Special Publication) ESA SP",03796566,27179.0,,Conference Proceeding,SP-740,,,,,,0,0,,,,,,computer_vision_or_image_and_camera
2-s2.0-85077986593,10.1016/j.jafrearsci.2020.103751,S1464343X20300029,,"Coastal vulnerability assessment using GIS-Based multicriteria analysis of Alexandria-northwestern Nile Delta, Egypt",ar,Article,Mohamed S.,,Ministry of Higher Education,Cairo,Egypt,,,,,2020-03-01,March 2020,Journal of African Earth Sciences,1464343X,31815.0,18791956,Journal,163,,103751,,,,7,0,,,,,,computer_vision_or_image_and_image_classification
2-s2.0-85025478367,10.1016/j.jafrearsci.2017.07.006,S1464343X17302911,,"Geological mapping and spectral based classification of basement rocks using remote sensing data analysis: The Korbiai-Gerf nappe complex, South Eastern Desert, Egypt",ar,Article,Hassan S.,,National Authority for Remote Sensing And Space Sciences,Cairo,Egypt,,,,,2017-10-01,October 2017,Journal of African Earth Sciences,1464343X,31815.0,18791956,Journal,134,,,404-418,,,29,0,,,,,,computer_vision_or_image_and_image_classification
2-s2.0-85099942430,10.1007/s12518-021-00357-4,,,Estimating maize lethal necrosis (MLN) severity in Kenya using multispectral high-resolution data,ar,Article,Richard K.,,International Centre of Insect Physiology and Ecology Nairobi,Nairobi,Kenya,,,,,2021-09-01,September 2021,Applied Geomatics,18669298,19400158591.0,1866928X,Journal,13,3,,389-400,,,1,0,,,,,,computer_vision_or_image_and_artificial_intelligence_or_machine_learning
2-s2.0-85119328959,10.1007/s12518-021-00390-3,,,"The operational role of remote sensing in assessing and predicting land use/land cover and seasonal land surface temperature using machine learning algorithms in Rajshahi, Bangladesh",ar,Article,Al Kafy A.,,Rajshahi University of Engineering and Technology;Rajshahi City Corporation,Rajshahi;Rajshahi,Bangladesh;Bangladesh,,,,,2021-12-01,December 2021,Applied Geomatics,18669298,19400158591.0,1866928X,Journal,13,4,,793-816,,,7,0,,,,,,computer_vision_or_image_and_artificial_intelligence_or_machine_learning
2-s2.0-85085383675,10.1007/s40808-020-00812-y,,,"Application of aeromagnetic data to map subsurface structural features in Ewekoro, Southwestern Nigeria",ar,Article,Ishola K.S.,,University of Lagos,Lagos,Nigeria,,,,,2020-12-01,1 December 2020,Modeling Earth Systems and Environment,23636203,21100981415.0,23636211,Journal,6,4,,2291-2302,,,1,0,,,,,,computer_vision_or_image_and_image_enhancement
2-s2.0-85086722062,10.1007/s40808-019-00668-x,,,Mapping seabed sediments for Sharm Obhur using multibeam echosounder backscatter data,ar,Article,El-Diasty M.,,Faculty of Engineering;King Abdulaziz University,Mansoura;Jeddah,Egypt;Saudi Arabia,,,,,2020-03-01,1 March 2020,Modeling Earth Systems and Environment,23636203,21100981415.0,23636211,Journal,6,1,,163-171,,,1,0,,,,,,computer_vision_or_image_and_image_classification
2-s2.0-84958107725,10.1080/10106049.2015.1059898,,,Multispectral remote sensing for mapping grassland degradation using the key indicators of grass species and edaphic factors,ar,Article,Mansour K.,,University of KwaZulu-Natal;University of Al-Fashir,Durban;Al Fashir,South Africa;Sudan,,,,,2016-05-27,27 May 2016,Geocarto International,10106049,28216.0,,Journal,31,5,,477-491,,,25,0,,,,,,computer_vision_or_image_and_artificial_intelligence_or_machine_learning
2-s2.0-85097321438,10.1080/10106049.2020.1852612,,,Comparing rotation forests and extreme gradient boosting for monitoring drought damage on KwaZulu-Natal commercial forests,ar,Article,Buthelezi M.N.M.,,University of KwaZulu-Natal,Durban,South Africa,,,,,2022-01-01,2022,Geocarto International,10106049,28216.0,,Journal,37,11,,3223-3246,,,2,0,,,,,,computer_vision_or_image_and_image_classification
2-s2.0-85048075963,10.1016/j.jag.2017.03.007,S0303243417300703,,Object-based habitat mapping using very high spatial resolution multispectral and hyperspectral imagery with LiDAR data,ar,Article,Onojeghuo A.O.,,Nnamdi Azikiwe University,Awka,Nigeria,,,,,2017-07-01,July 2017,International Journal of Applied Earth Observation and Geoinformation,15698432,39563.0,1872826X,Journal,59,,,79-91,,,25,0,,,,,,computer_vision_or_image_and_image_classification
2-s2.0-84997673899,10.1016/j.jag.2016.05.006,S0303243416300721,,"L-band Synthetic Aperture Radar imagery performs better than optical datasets at retrieving woody fractional cover in deciduous, dry savannahs",ar,Article,Naidoo L.,,University of Pretoria;The Council for Scientific and Industrial Research,Pretoria;Pretoria,South Africa;South Africa,,,,,2016-10-01,1 October 2016,International Journal of Applied Earth Observation and Geoinformation,15698432,39563.0,1872826X,Journal,52,,,54-64,,,32,0,,,,,,computer_vision_or_image_and_artificial_intelligence_or_machine_learning
2-s2.0-85127565324,10.3390/cancers14071840,,,How AI Can Help in the Diagnostic Dilemma of Pulmonary Nodules,ar,Article,Fahmy D.,,Faculty of Medicine,Mansoura,Egypt,,,,,2022-04-01,April-1 2022,Cancers,,19700188419.0,20726694,Journal,14,7,1840,,,,4,1,repositoryvor,Green,,,,computer_vision_or_image_and_deep_learning_or_deep_neural_network
2-s2.0-85140456172,10.3390/cancers14205019,,,Predicting Recurrence of Non-Muscle-Invasive Bladder Cancer: Current Techniques and Future Trends,re,Review,Shalata A.T.,,Faculty of Engineering,Mansoura,Egypt,,,,,2022-10-01,October 2022,Cancers,,19700188419.0,20726694,Journal,14,20,5019,,,,0,1,repositoryvor,Green,,,,computer_vision_or_image_and_artificial_intelligence_or_machine_learning
2-s2.0-84873267886,10.1111/aje.12004,,,"A camera trap assessment of terrestrial vertebrates in Bwindi Impenetrable National Park, Uganda",ar,Article,Mugerwa B.,,Mbarara University of Science and Technology,Mbarara,Uganda,,,,,2013-03-01,March 2013,African Journal of Ecology,01416707,12528.0,13652028,Journal,51,1,,21-31,,,36,0,,,,,,computer_vision_or_image_and_camera
2-s2.0-84966546944,10.1111/aje.12312,,,"Does variation between dry and wet seasons affect tropical forest mammals' occupancy and detectability by camera traps? Case study from the Udzungwa Mountains, Tanzania",ar,Article,Martin E.H.,,Sokoine University of Agriculture;College of African Wildlife Management,Morogoro;Moshi,Tanzania;Tanzania,,,,,2017-03-01,1 March 2017,African Journal of Ecology,01416707,12528.0,13652028,Journal,55,1,,37-46,,,4,0,,,,,,computer_vision_or_image_and_camera
2-s2.0-84951925963,10.1016/j.measurement.2015.12.013,S0263224115006727,,A novel breast tumor classification algorithm using neutrosophic score features,ar,Article,Amin K.M.,,Faculty of Computers &amp; Informations,Shibin El Kom,Egypt,,,,,2016-03-01,1 March 2016,Measurement: Journal of the International Measurement Confederation,02632241,15424.0,,Journal,81,,,210-220,,,25,0,repositoryvor,Green,,,,computer_vision_or_image_and_image_classification
2-s2.0-85140139842,10.1016/j.measurement.2022.111970,S0263224122011666,,Development of an automatic pest monitoring system using a deep learning model of DPeNet,ar,Article,Zhao N.,,College of Biosystems Engineering and Food Science;Ministry of Agriculture of the People's Republic of China,Hangzhou;Beijing,China;China,,,,,2022-11-15,15 November 2022,Measurement: Journal of the International Measurement Confederation,02632241,15424.0,,Journal,203,,111970,,,,2,0,,,,,,computer_vision_or_image_and_deep_learning_or_deep_neural_network
2-s2.0-85038860792,10.1016/j.apgeog.2017.12.015,S0143622817305313,,Building beyond land: An overview of coastal land reclamation in 16 global megacities,ar,Article,Sengupta D.,,East China Normal University,Shanghai,China,,,,,2018-01-01,January 2018,Applied Geography,01436228,27471.0,,Journal,90,,,229-238,,,63,0,,,,,,computer_vision_or_image_and_image_classification
2-s2.0-84934298221,10.1016/j.apgeog.2015.06.015,S0143622815001599,,Land use/land cover change detection and prediction in the north-western coastal desert of Egypt using Markov-CA,ar,Article,Halmy M.,,Alexandria University,Alexandria,Egypt,,,,,2015-09-01,"September 01, 2015",Applied Geography,01436228,27471.0,,Journal,63,,,101-112,,,280,0,,,,,,computer_vision_or_image_and_image_classification
2-s2.0-85129715257,10.1007/s11082-022-03658-z,,,Oxygen saturation measurements using novel diffused reflectance with hyperspectral imaging: Towards facile COVID-19 diagnosis,ar,Article,El-Sharkawy Y.H.,,Electrical Engineering Branch,Cairo,Egypt,,,,,2022-05-01,May 2022,Optical and Quantum Electronics,03068919,12313.0,1572817X,Journal,54,5,322,,,,2,1,repositoryvor,Green,,,,computer_vision_or_image_and_segmentation
2-s2.0-85102569085,10.1007/s11082-021-02793-3,,,A value parity combination based scheme for retinal images watermarking,ar,Article,Kahlessenane F.,,Université Kasdi Merbah - Ouargla,Ouargla,Algeria,,,,,2021-03-01,March 2021,Optical and Quantum Electronics,03068919,12313.0,1572817X,Journal,53,3,161,,,,11,0,,,,,,computer_vision_or_image_and_image_enhancement
2-s2.0-77950964901,,,,A neural-network to solving the output contention in packet switching networks,ar,Article,Badi A.,,Faculté des Sciences Ben M’Sick,Casablanca,Morocco,,,,,2009-01-01,2009,Applied Mathematical Sciences,,25166.0,1312885X,Journal,3,29-32,,1407-1451,,,2,0,,,,,,computer_vision_or_image_and_pattern_recognition
2-s2.0-84914820376,10.12988/ams.2014.410790,,,A new approach for similar images using game theory,ar,Article,Bencharef O.,,Université Cadi Ayyad,Marakech,Morocco,,,,,2014-01-01,2014,Applied Mathematical Sciences,1312885X,25166.0,13147552 13147552,Journal,8,161-164,,8099-8111,,,3,0,,,,,,computer_vision_or_image_and_segmentation
2-s2.0-85123587107,10.1155/2022/2038740,,,Deep Convolutional Nets Learning Classification for Artistic Style Transfer,ar,Article,Dinesh Kumar R.,,Siddhartha Institute of Technology and Sciences,Hyderabad,India,,,,,2022-01-01,2022,Scientific Programming,10589244,19926.0,,Journal,2022,,2038740,,,,2,1,publisherfullgold,Gold,,,,computer_vision_or_image_and_object_recognition
2-s2.0-85135276093,10.1155/2022/9675526,,,A Novel Effective Edge-Based Image Denoising Algorithm,ar,Article,Puli A.K.,,CVR College of Engineering,Hyderabad,India,,,,,2022-01-01,2022,Scientific Programming,10589244,19926.0,,Journal,2022,,9675526,,,,0,1,publisherfullgold,Gold,,,,computer_vision_or_image_and_image_enhancement
2-s2.0-85141234626,10.1016/j.mineng.2022.107896,S0892687522005064,,Automated mineralogical characterization using optical microscopy: Review and recommendations,re,Review,De Castro B.,,Universite du Quebec en Abitibi-Temiscamingue,Rouyn-Noranda,Canada,,,,,2022-11-01,November 2022,Minerals Engineering,08926875,16936.0,,Journal,189,,107896,,,,0,0,,,,,,computer_vision_or_image_and_image_enhancement
2-s2.0-85057723063,10.1016/j.mineng.2018.12.004,S0892687518305430,,Machine learning applications in minerals processing: A review,re,Review,McCoy J.,,Stellenbosch University,Stellenbosch,South Africa,,,,,2019-03-01,1 March 2019,Minerals Engineering,08926875,16936.0,,Journal,132,,,95-109,,,118,0,,,,,,computer_vision_or_image_and_artificial_intelligence_or_machine_learning
2-s2.0-53149122880,10.1109/MELCON.2008.4618543,,,Color image segmentation using automatic thresholding and the fuzzy c-means techniques,cp,Conference Paper,Chaabane Ben S.,,École Nationale Supérieure d'Ingénieurs de Tunis,Tunis,Tunisia,,,,,2008-10-08,2008,Proceedings of the Mediterranean Electrotechnical Conference - MELECON,,57064.0,,Conference Proceeding,,,4618543,857-861,,,32,0,,,,,,computer_vision_or_image_and_segmentation
2-s2.0-84861487807,10.1109/MELCON.2012.6196448,,,Grammar-based image segmentation and automatic area estimation,cp,Conference Paper,Hamdi S.,,Faculty of Medicine of Monastir (FMM,,,,,,,2012-05-31,2012,Proceedings of the Mediterranean Electrotechnical Conference - MELECON,,57064.0,,Conference Proceeding,,,6196448,356-359,,,1,0,,,,,,computer_vision_or_image_and_segmentation
2-s2.0-0038346034,,,,Performance analysis of interleaving for vidéo communications over ATM networks,cp,Conference Paper,Bouallegue B.,,Faculty of Sciences of Monastir,Monastir,Tunisia,,,,,2002-01-01,2002,"Proceedings of the IEEE International Conference on Systems, Man and Cybernetics",08843627,51375.0,,Conference Proceeding,3,,,33-36,,,1,0,,,,,,computer_vision_or_image_and_segmentation
2-s2.0-0028750066,,,,Efficient method for recognising polyhedral scenes using range data,cp,Conference Paper,Benlamri R.,,Université Constantine 1,Constantine,Algeria,,,,,1994-12-01,1994,"Proceedings of the IEEE International Conference on Systems, Man and Cybernetics",08843627,51375.0,,Conference Proceeding,3,,,2278-2283,,,0,0,,,,,,computer_vision_or_image_and_pattern_recognition
2-s2.0-85084147488,10.12928/TELKOMNIKA.V18I2.13726,,,"New approach to the identification of the easy expression recognition system by robust techniques (SIFT, PCA-SIFT, ASIFT and SURF)",ar,Article,Chater A.,,Ecole Supérieure de Technologie de Salé,Sale,Morocco,,,,,2020-04-01,1 April 2020,Telkomnika (Telecommunication Computing Electronics and Control),16936930,21100256101.0,23029293,Journal,18,2,,695-704,,,9,0,repositoryvor,Green,,,,computer_vision_or_image_and_facial_recognition
2-s2.0-85044358478,10.12928/TELKOMNIKA.v16i2.7471,,,Motion detection and clustering using PCA and NN in color image sequence,ar,Article,Moussa M.,,Université de Gafsa,Gafsa,Tunisia,,,,,2018-04-01,1 April 2018,Telkomnika (Telecommunication Computing Electronics and Control),16936930,21100256101.0,23029293,Journal,16,2,,747-754,,,2,0,repositoryvor,Green,,,,computer_vision_or_image_and_segmentation
2-s2.0-85140259275,10.1063/5.0110682,,,Image processing based lung tumor-detection and classification using 3D micro-calcification of Ct images,cp,Conference Paper,Muralimohanbabu Y.,,Tirumala Engineering College,Guntur,India,,,,,2022-10-03,3 October 2022,AIP Conference Proceedings,0094243X,26916.0,15517616,Conference Proceeding,2519,,050006,,,,0,0,,,,,,computer_vision_or_image_and_pattern_recognition
2-s2.0-85070654957,10.1063/1.5117627,,,Innovative approach to perform optimized and highly efficient operation &amp; maintenance activities for 100MW-scale CSP plants,cp,Conference Paper,Lamghari M.,,Ecole Nationale Supérieure d'Informatique et d'Analyse des Systèmes;Farasha Systems;SUPMTI,Rabat;Agdal Rabat;Agdal Rabat,Morocco;Morocco;Morocco,,,,,2019-07-25,25 July 2019,AIP Conference Proceedings,0094243X,26916.0,15517616,Conference Proceeding,2126,,120009,,,,1,1,publisherfree2read,Bronze,,,,computer_vision_or_image_and_camera
2-s2.0-85120543441,10.1007/s11277-021-08710-x,,,Image Driven Multi Feature Plant Management with FDE Based Smart Agriculture with Improved Security in Wireless Sensor Networks,ar,Article,Santhosh J.,,Vel Tech Rangarajan Dr.Sagunthala R&amp;D Institute of Science and Technology,Chennai,India,,,,,2022-11-01,November 2022,Wireless Personal Communications,09296212,20725.0,1572834X,Journal,127,2,,1647-1663,,,2,0,,,,,,computer_vision_or_image_and_image_enhancement
2-s2.0-84920257200,10.1007/s11277-014-1977-7,,,Chaotic Interleaving for Robust Image Transmission with LDPC Coded OFDM,ar,Article,Soliman N.F.,,Faculty of Engineering;Princess Nourah bint Abdulrahman University,Zagazig;Riyadh,Egypt;Saudi Arabia,,,,,2014-12-01,December 2014,Wireless Personal Communications,09296212,20725.0,1572834X,Journal,79,3,,2141-2154,,,17,0,,,,,,computer_vision_or_image_and_image_enhancement
2-s2.0-85040451737,10.1016/j.ifacol.2017.12.003,S2405896317335346,,Performance of Convolutional Neural Networks for Feature Extraction in Froth Flotation Sensing,cp,Conference Paper,Horn Z.C.,,Stellenbosch University,Stellenbosch,South Africa,,,,,2017-12-01,December 2017,IFAC-PapersOnLine,,21100456158.0,24058963,Conference Proceeding,50,2,,13-18,,,41,1,publisherfree2read,Bronze,,,,computer_vision_or_image_and_deep_learning_or_deep_neural_network
2-s2.0-85140068935,10.1016/j.ifacol.2022.08.013,S2405896322010862,,An Energy-Efficient WMSN-based System for Endangered Birds Monitoring,cp,Conference Paper,Sakhri A.,,Université de Lorraine;Université Badji Mokhtar - Annaba,Nancy;Annaba,France;Algeria,,,,,2022-06-01,1 June 2022,IFAC-PapersOnLine,,21100456158.0,24058963,Conference Proceeding,55,8,,77-82,,,0,1,repositoryam,Green,,,,computer_vision_or_image_and_camera
2-s2.0-84857365885,10.1016/j.irbm.2011.12.005,S1959031811001849,,Segmentation of MRI brain with a bootstrapped version of the HMRF-EM algorithm: Preliminary study on phantoms,ar,Article,M'Hiri S.,,Université de la Manouba,Manouba,Tunisia,,,,,2012-02-01,February 2012,IRBM,19590318,12300154908.0,18760988,Journal,33,1,,2-10,,,4,0,,,,,,computer_vision_or_image_and_segmentation
2-s2.0-85075379403,10.1016/j.irbm.2019.10.008,S1959031819300673,,A Non-invasive Method for Determining Biomechanical Properties of the Internal Carotid Artery,ar,Article,Ayadi A.,,"Université de Tunis El Manar, Institut Supérieur des Technologies Médicales de Tunis",Tunis,Tunisia,,,,,2020-06-01,June 2020,IRBM,19590318,12300154908.0,18760988,Journal,41,3,,125-132,,,5,0,,,,,,computer_vision_or_image_and_segmentation
2-s2.0-84893165663,10.1109/MWSCAS.2013.6674845,,,Transform domain two dimensional and diagonal modular principal component analysis for facial recognition employing different windowing techniques,cp,Conference Paper,Chehata R.C.G.,,University of Central Florida,Orlando,United States,,,,,2013-12-01,2013,Midwest Symposium on Circuits and Systems,15483746,26047.0,,Conference Proceeding,,,6674845,1104-1107,,,2,0,,,,,,computer_vision_or_image_and_facial_recognition
2-s2.0-85090558153,10.1109/MWSCAS48704.2020.9184640,,,Energy Adaptive Convolution Neural Network Using Dynamic Partial Reconfiguration,cp,Conference Paper,Youssef E.,,Department of Microelectronics,Cairo,Egypt,,,,,2020-08-01,August 2020,Midwest Symposium on Circuits and Systems,15483746,26047.0,,Conference Proceeding,2020-August,,9184640,325-328,,,8,0,,,,,,computer_vision_or_image_and_convolution
2-s2.0-85128964694,10.1007/978-3-030-70601-2_246,,,Eigenspace Beamformer Combined with Generalized Sidelobe Canceler and Filters for Generating Plane Wave Ultrasound Images,cp,Conference Paper,Neves L.C.,,Universidade Tecnológica Federal do Paraná,Curitiba,Brazil,,,,,2022-01-01,2022,IFMBE Proceedings,16800737,19400157277.0,14339277,Conference Proceeding,83,,,1687-1692,,,0,0,,,,,,computer_vision_or_image_and_image_enhancement
2-s2.0-84958233546,10.1007/978-3-540-36841-0_412,,,Near-field artifact reduction using realistic Limited-Field-of-View coded apertures in planar nuclear medicine imaging,cp,Conference Paper,Starfield D.M.,,"University of the Witwatersrand, Johannesburg",Johannesburg,South Africa,,,,,2007-01-01,2007,IFMBE Proceedings,16800737,19400157277.0,14339277,Conference Proceeding,14,1,,1672-1676,,,0,0,,,,,,computer_vision_or_image_and_image_enhancement
2-s2.0-84942627182,10.1016/j.jallcom.2015.09.069,S0925838815310458,,On the connection between photo catalytic activities and magnetic properties of TiO<inf>2-x</inf> films,ar,Article,Nkosi S.,,University of Zululand,Ulundi,South Africa,,,,,2016-01-05,5 January 2016,Journal of Alloys and Compounds,09258388,12325.0,,Journal,654,,,344-348,,,0,0,,,,,,computer_vision_or_image_and_image_enhancement
2-s2.0-85094628727,10.1016/j.jallcom.2020.157437,S0925838820338019,,"Enhanced magnetic, dielectric properties and photocatalytic activity of doped Mg–Zn ferrite nanoparticles by virtue of Sm<sup>3+</sup> role",ar,Article,Mansour S.F.,,King Abdulaziz University,Jeddah,Saudi Arabia,,,,,2021-03-05,5 March 2021,Journal of Alloys and Compounds,09258388,12325.0,,Journal,856,,157437,,,,24,0,,,,,,computer_vision_or_image_and_image_enhancement
2-s2.0-85098599283,10.11646/zootaxa.4899.1.12,,33756834.0,On Sahastata (Araneae: Filistatidae): Complementary description of the generotype and two new species from Oman and Morocco,ar,Article,Magalhaes I.L.F.,,Museo Argentino de Ciencias Naturales Bernardino Rivadavia,Buenos Aires,Argentina,,,,,2020-12-30,30 December 2020,Zootaxa,11755326,4700151916.0,11755334,Journal,4899,1,,215-246,,,3,0,,,,,,computer_vision_or_image_and_taxonomies
2-s2.0-85097247133,10.11646/zootaxa.4890.9,,33311250.0,"Pseudanthias vizagensis, a junior synonym of pseudanthias pillai heemstra &amp; Akhilesh, 2012 (Perciformes: Serranidae)",ar,Article,Akhilesh K.V.,,"ICAR - Central Marine Fisheries Research Institute, Kochi",Kochi,India,,,,,2020-12-01,1 December 2020,Zootaxa,11755326,4700151916.0,11755334,Journal,4890,1,,135-147,,,0,0,,,,,,computer_vision_or_image_and_taxonomies
